{
  "project_info": {
    "project_number": "790146654288",
    "firebase_url": "https://matkap-19ed9-default-rtdb.firebaseio.com",
    "project_id": "matkap-19ed9",
    "storage_bucket": "matkap-19ed9.appspot.com"
  },
  "client": [
    {
      "client_info": {
        "mobilesdk_app_id": "1:790146654288:android:d169450aafd4f94c8df155",
        "android_client_info": {
          "package_name": "com.example.myapplication"
        }
      },
      "oauth_client": [
        {
          "client_id": "790146654288-rtkil7l28bsla4unfmv7mal492kv674b.apps.googleusercontent.com",
          "client_type": 1,
          "android_info": {
            "package_name": "com.example.myapplication",
            "certificate_hash": "15f4248180a1df040b70c22bec1d785bab1ff9ce"
          }
        },
        {
          "client_id": "790146654288-q0uqieil15g6676dp4uh14uq7p6lkpf5.apps.googleusercontent.com",
          "client_type": 3
        }
      ],
      "api_key": [
        {
          "current_key": "AIzaSyCrIi42280-7vOjaHbHLEJjky9kWRM70R8"
        }
      ],
      "services": {
        "appinvite_service": {
          "other_platform_oauth_client": [
            {
              "client_id": "790146654288-q0uqieil15g6676dp4uh14uq7p6lkpf5.apps.googleusercontent.com",
              "client_type": 3
            }
          ]
        }
      }
    }
  ],
  "configuration_version": "1"
}